Entity,Year,Week,Epi_Year,Week,M,F,New_Cases_Week,Calculated_Difference
Coahuila,2014,6,2014,6,2.0,0.0,1.0,2.0
Durango,2014,8,2014,8,2.0,3.0,0.0,3.0
Michoacán,2014,8,2014,8,6.0,7.0,2.0,3.0
Durango,2014,19,2014,19,3.0,5.0,0.0,3.0
Puebla,2014,19,2014,19,1.0,3.0,1.0,2.0
Ciudad de México,2014,22,2014,22,25.0,34.0,5.0,6.0
Guerrero,2014,26,2014,26,7.0,11.0,0.0,1.0
Chiapas,2014,27,2014,27,11.0,12.0,1.0,4.0
Jalisco,2014,27,2014,27,9.0,13.0,0.0,1.0
Oaxaca,2014,27,2014,27,10.0,9.0,0.0,-1.0
Michoacán,2014,30,2014,30,28.0,27.0,0.0,1.0
Coahuila,2014,33,2014,33,15.0,37.0,1.0,2.0
Morelos,2014,34,2014,34,3.0,11.0,3.0,-18.0
México,2014,34,2014,34,60.0,49.0,3.0,7.0
Tamaulipas,2014,34,2014,34,27.0,47.0,1.0,5.0
Baja California Sur,2014,35,2014,35,4.0,4.0,0.0,2.0
Campeche,2014,35,2014,35,3.0,9.0,1.0,-11.0
Coahuila,2014,35,2014,35,15.0,40.0,0.0,2.0
Quintana Roo,2014,35,2014,35,5.0,14.0,0.0,1.0
Sinaloa,2014,35,2014,35,45.0,75.0,1.0,-8.0
Sonora,2014,35,2014,35,43.0,49.0,0.0,1.0
Veracruz,2014,35,2014,35,16.0,36.0,0.0,-7.0
Baja California,2014,36,2014,36,20.0,47.0,0.0,-2.0
Puebla,2014,37,2014,37,2.0,7.0,0.0,1.0
Guerrero,2014,38,2014,38,12.0,16.0,1.0,2.0
Morelos,2014,38,2014,38,4.0,14.0,0.0,3.0
Querétaro,2014,38,2014,38,2.0,2.0,0.0,1.0
Nayarit,2014,41,2014,41,24.0,40.0,0.0,1.0
Hidalgo,2014,42,2014,42,7.0,12.0,0.0,2.0
Aguascalientes,2014,44,2014,44,2.0,4.0,0.0,1.0
Veracruz,2014,45,2014,45,23.0,50.0,0.0,1.0
Puebla,2014,47,2014,47,3.0,11.0,0.0,1.0
Durango,2014,50,2014,50,7.0,11.0,0.0,1.0
Tamaulipas,2014,50,2014,50,41.0,66.0,2.0,5.0
Veracruz,2014,52,2014,52,29.0,54.0,2.0,5.0
Jalisco,2014,53,2014,53,34.0,55.0,1.0,3.0
Veracruz,2015,8,2015,8,6.0,9.0,2.0,3.0
Jalisco,2015,11,2015,11,5.0,8.0,1.0,0.0
Sonora,2015,11,2015,11,8.0,9.0,0.0,17.0
Baja California,2015,12,2015,12,3.0,10.0,1.0,2.0
Ciudad de México,2015,13,2015,13,7.0,10.0,0.0,1.0
Morelos,2015,13,2015,13,8.0,17.0,1.0,15.0
Coahuila,2015,15,2015,15,10.0,12.0,1.0,4.0
Guerrero,2015,15,2015,15,4.0,3.0,0.0,1.0
Coahuila,2015,16,2015,16,11.0,14.0,2.0,3.0
Guerrero,2015,18,2015,18,5.0,5.0,1.0,2.0
Puebla,2015,19,2015,19,5.0,5.0,0.0,1.0
Guerrero,2015,21,2015,21,8.0,8.0,1.0,3.0
Jalisco,2015,21,2015,21,29.0,30.0,8.0,9.0
Puebla,2015,21,2015,21,6.0,5.0,0.0,1.0
Sonora,2015,21,2015,21,17.0,16.0,2.0,3.0
Guanajuato,2015,22,2015,22,7.0,8.0,0.0,-2.0
Guanajuato,2015,24,2015,24,8.0,10.0,1.0,3.0
Sonora,2015,24,2015,24,17.0,23.0,2.0,3.0
Sonora,2015,25,2015,25,17.0,26.0,2.0,3.0
Puebla,2015,26,2015,26,8.0,8.0,2.0,3.0
Sonora,2015,26,2015,26,20.0,28.0,3.0,5.0
Campeche,2015,30,2015,30,7.0,2.0,0.0,-5.0
Sonora,2015,30,2015,30,28.0,37.0,2.0,12.0
Aguascalientes,2015,31,2015,31,2.0,7.0,0.0,1.0
Jalisco,2015,32,2015,32,57.0,65.0,5.0,7.0
Coahuila,2015,33,2015,33,19.0,22.0,1.0,3.0
México,2015,33,2015,33,41.0,37.0,5.0,6.0
Puebla,2015,33,2015,33,12.0,19.0,0.0,10.0
Baja California,2015,34,2015,34,30.0,51.0,0.0,22.0
Oaxaca,2015,34,2015,34,29.0,31.0,2.0,16.0
Sinaloa,2015,34,2015,34,51.0,82.0,3.0,40.0
Tabasco,2015,34,2015,34,10.0,7.0,0.0,3.0
Durango,2015,35,2015,35,21.0,23.0,1.0,11.0
Guerrero,2015,35,2015,35,21.0,15.0,0.0,11.0
Veracruz,2015,35,2015,35,34.0,46.0,2.0,-13.0
Baja California Sur,2015,36,2015,36,5.0,9.0,0.0,4.0
Guanajuato,2015,36,2015,36,12.0,21.0,0.0,2.0
Querétaro,2015,36,2015,36,11.0,15.0,1.0,11.0
Quintana Roo,2015,36,2015,36,7.0,5.0,0.0,2.0
San Luis Potosí,2015,36,2015,36,13.0,28.0,0.0,8.0
Sonora,2015,36,2015,36,32.0,39.0,0.0,-1.0
Yucatán,2015,36,2015,36,12.0,40.0,0.0,8.0
Puebla,2015,39,2015,39,15.0,29.0,4.0,5.0
Puebla,2015,40,2015,40,16.0,30.0,0.0,2.0
Baja California Sur,2015,43,2015,43,5.0,9.0,0.0,-1.0
Aguascalientes,2015,44,2015,44,3.0,9.0,0.0,-1.0
Baja California Sur,2015,44,2015,44,5.0,10.0,0.0,1.0
Puebla,2015,45,2015,45,17.0,34.0,0.0,4.0
Puebla,2015,46,2015,46,17.0,35.0,0.0,1.0
Sonora,2015,48,2015,48,44.0,62.0,3.0,4.0
Puebla,2015,49,2015,49,20.0,38.0,4.0,6.0
Sonora,2015,51,2015,51,47.0,64.0,0.0,2.0
Chihuahua,2015,52,2015,52,41.0,61.0,7.0,13.0
Sinaloa,2015,52,2015,52,83.0,119.0,3.0,4.0
Jalisco,2016,1,2015,1,98.0,132.0,5.0,7.0
Sonora,2016,1,2015,1,47.0,67.0,1.0,2.0
Durango,2016,6,2016,6,5.0,7.0,3.0,4.0
Ciudad de México,2016,7,2016,7,12.0,14.0,2.0,6.0
Sonora,2016,8,2016,8,9.0,19.0,3.0,5.0
Aguascalientes,2016,9,2016,9,1.0,5.0,0.0,2.0
Chihuahua,2016,9,2016,9,12.0,20.0,2.0,5.0
Ciudad de México,2016,9,2016,9,15.0,17.0,2.0,6.0
Durango,2016,9,2016,9,5.0,9.0,0.0,1.0
Puebla,2016,11,2016,11,6.0,5.0,1.0,2.0
Sonora,2016,14,2016,14,16.0,28.0,4.0,5.0
Hidalgo,2016,15,2016,15,2.0,7.0,1.0,2.0
Aguascalientes,2016,16,2016,16,4.0,8.0,0.0,2.0
Jalisco,2016,17,2016,17,18.0,48.0,9.0,10.0
Aguascalientes,2016,19,2016,19,5.0,9.0,0.0,1.0
Veracruz,2016,19,2016,19,19.0,38.0,3.0,4.0
Aguascalientes,2016,20,2016,20,17.0,18.0,1.0,21.0
Baja California,2016,20,2016,20,43.0,44.0,6.0,46.0
Baja California Sur,2016,20,2016,20,11.0,6.0,0.0,8.0
Campeche,2016,20,2016,20,18.0,10.0,3.0,14.0
Chiapas,2016,20,2016,20,48.0,25.0,3.0,56.0
Chihuahua,2016,20,2016,20,90.0,100.0,17.0,105.0
Ciudad de México,2016,20,2016,20,93.0,124.0,12.0,141.0
Coahuila,2016,20,2016,20,7.0,9.0,0.0,12.0
Colima,2016,20,2016,20,36.0,28.0,3.0,57.0
Durango,2016,20,2016,20,48.0,36.0,5.0,61.0
Guanajuato,2016,20,2016,20,39.0,26.0,4.0,37.0
Guerrero,2016,20,2016,20,35.0,34.0,7.0,45.0
Hidalgo,2016,20,2016,20,37.0,30.0,5.0,57.0
Jalisco,2016,20,2016,20,174.0,167.0,21.0,270.0
Michoacán,2016,20,2016,20,50.0,44.0,3.0,75.0
Morelos,2016,20,2016,20,58.0,50.0,6.0,93.0
México,2016,20,2016,20,144.0,113.0,10.0,214.0
Nayarit,2016,20,2016,20,23.0,20.0,1.0,29.0
Nuevo León,2016,20,2016,20,52.0,46.0,9.0,35.0
Oaxaca,2016,20,2016,20,62.0,43.0,9.0,75.0
Puebla,2016,20,2016,20,56.0,63.0,5.0,101.0
Querétaro,2016,20,2016,20,18.0,15.0,2.0,25.0
Quintana Roo,2016,20,2016,20,15.0,9.0,0.0,17.0
San Luis Potosí,2016,20,2016,20,28.0,28.0,2.0,38.0
Sinaloa,2016,20,2016,20,129.0,147.0,9.0,187.0
Sonora,2016,20,2016,20,47.0,52.0,7.0,43.0
Tabasco,2016,20,2016,20,16.0,13.0,0.0,19.0
Tamaulipas,2016,20,2016,20,46.0,50.0,0.0,41.0
Tlaxcala,2016,20,2016,20,12.0,25.0,3.0,28.0
Veracruz,2016,20,2016,20,104.0,97.0,8.0,144.0
Yucatán,2016,20,2016,20,18.0,10.0,3.0,8.0
Zacatecas,2016,20,2016,20,15.0,6.0,1.0,16.0
Aguascalientes,2016,21,2016,21,5.0,9.0,0.0,-21.0
Baja California,2016,21,2016,21,19.0,27.0,3.0,-41.0
Baja California Sur,2016,21,2016,21,6.0,3.0,0.0,-8.0
Campeche,2016,21,2016,21,7.0,8.0,1.0,-13.0
Chiapas,2016,21,2016,21,10.0,7.0,0.0,-56.0
Chihuahua,2016,21,2016,21,45.0,60.0,16.0,-85.0
Ciudad de México,2016,21,2016,21,29.0,51.0,2.0,-137.0
Coahuila,2016,21,2016,21,2.0,2.0,0.0,-12.0
Colima,2016,21,2016,21,5.0,4.0,2.0,-55.0
Durango,2016,21,2016,21,7.0,16.0,0.0,-61.0
Guanajuato,2016,21,2016,21,14.0,20.0,4.0,-31.0
Guerrero,2016,21,2016,21,14.0,13.0,0.0,-42.0
Hidalgo,2016,21,2016,21,3.0,10.0,3.0,-54.0
Jalisco,2016,21,2016,21,25.0,57.0,5.0,-259.0
Michoacán,2016,21,2016,21,11.0,10.0,2.0,-73.0
Morelos,2016,21,2016,21,6.0,9.0,0.0,-93.0
México,2016,21,2016,21,19.0,29.0,2.0,-209.0
Nayarit,2016,21,2016,21,5.0,12.0,1.0,-26.0
Nuevo León,2016,21,2016,21,28.0,38.0,1.0,-32.0
Oaxaca,2016,21,2016,21,16.0,15.0,0.0,-74.0
Puebla,2016,21,2016,21,10.0,10.0,1.0,-99.0
Querétaro,2016,21,2016,21,2.0,6.0,0.0,-25.0
Quintana Roo,2016,21,2016,21,5.0,2.0,0.0,-17.0
San Luis Potosí,2016,21,2016,21,7.0,13.0,1.0,-36.0
Sinaloa,2016,21,2016,21,50.0,45.0,4.0,-181.0
Sonora,2016,21,2016,21,24.0,37.0,3.0,-38.0
Tabasco,2016,21,2016,21,6.0,7.0,2.0,-16.0
Tamaulipas,2016,21,2016,21,22.0,38.0,3.0,-36.0
Tlaxcala,2016,21,2016,21,3.0,6.0,0.0,-28.0
Veracruz,2016,21,2016,21,24.0,39.0,3.0,-138.0
Yucatán,2016,21,2016,21,8.0,16.0,3.0,-4.0
Zacatecas,2016,21,2016,21,5.0,1.0,0.0,-15.0
Aguascalientes,2016,22,2016,22,6.0,11.0,2.0,3.0
Chiapas,2016,29,2016,29,11.0,14.0,0.0,1.0
Nayarit,2016,30,2016,30,10.0,15.0,0.0,-3.0
Baja California,2016,31,2016,31,27.0,53.0,4.0,5.0
Coahuila,2016,31,2016,31,5.0,4.0,1.0,2.0
Morelos,2016,31,2016,31,4.0,6.0,1.0,-13.0
Sonora,2016,31,2016,31,37.0,50.0,3.0,2.0
Veracruz,2016,31,2016,31,42.0,61.0,5.0,6.0
Ciudad de México,2016,32,2016,32,39.0,78.0,6.0,3.0
Guerrero,2016,32,2016,32,18.0,21.0,0.0,1.0
Morelos,2016,32,2016,32,10.0,15.0,1.0,15.0
Veracruz,2016,32,2016,32,42.0,63.0,3.0,2.0
Aguascalientes,2016,33,2016,33,13.0,21.0,1.0,3.0
Quintana Roo,2016,33,2016,33,7.0,6.0,0.0,1.0
Puebla,2016,39,2016,39,16.0,16.0,0.0,2.0
Puebla,2016,40,2016,40,17.0,17.0,1.0,2.0
Aguascalientes,2016,45,2016,45,15.0,27.0,2.0,4.0
México,2016,45,2016,45,39.0,68.0,1.0,-1.0
Guanajuato,2016,46,2016,46,28.0,40.0,2.0,3.0
México,2016,46,2016,46,43.0,72.0,6.0,8.0
Tabasco,2016,46,2016,46,11.0,14.0,0.0,-1.0
San Luis Potosí,2016,49,2016,49,25.0,38.0,1.0,3.0
Guerrero,2016,50,2016,50,25.0,36.0,0.0,1.0
Veracruz,2016,52,2016,52,66.0,102.0,2.0,4.0
Jalisco,2017,1,2016,1,90.0,152.0,6.0,7.0
Sonora,2017,1,2016,1,62.0,82.0,2.0,5.0
Veracruz,2017,1,2016,1,68.0,106.0,5.0,6.0
Oaxaca,2017,5,2017,5,5.0,6.0,4.0,5.0
Veracruz,2017,8,2017,8,15.0,11.0,4.0,5.0
Guerrero,2017,9,2017,9,2.0,6.0,1.0,2.0
Puebla,2017,9,2017,9,4.0,2.0,1.0,2.0
Sonora,2017,9,2017,9,13.0,20.0,2.0,6.0
Veracruz,2017,9,2017,9,17.0,15.0,1.0,6.0
Aguascalientes,2017,11,2017,11,1.0,5.0,1.0,2.0
Veracruz,2017,12,2017,12,21.0,20.0,2.0,3.0
Oaxaca,2017,14,2017,14,11.0,22.0,2.0,3.0
Oaxaca,2017,16,2017,16,12.0,22.0,0.0,1.0
Sinaloa,2017,16,2017,16,42.0,36.0,2.0,5.0
Puebla,2017,18,2017,18,8.0,4.0,2.0,4.0
Sonora,2017,18,2017,18,26.0,37.0,3.0,8.0
Hidalgo,2017,19,2017,19,11.0,10.0,1.0,2.0
Sonora,2017,19,2017,19,29.0,38.0,3.0,4.0
Coahuila,2017,20,2017,20,13.0,17.0,0.0,1.0
México,2017,20,2017,20,20.0,29.0,2.0,3.0
Chihuahua,2017,21,2017,21,40.0,50.0,4.0,3.0
Sinaloa,2017,23,2017,23,55.0,48.0,2.0,4.0
Oaxaca,2017,24,2017,24,14.0,25.0,1.0,2.0
Morelos,2017,27,2017,27,7.0,27.0,3.0,4.0
Sinaloa,2017,27,2017,27,60.0,55.0,3.0,4.0
Puebla,2017,29,2017,29,15.0,10.0,0.0,1.0
Guanajuato,2017,31,2017,31,26.0,37.0,3.0,1.0
Chihuahua,2017,32,2017,32,55.0,78.0,3.0,4.0
Morelos,2017,32,2017,32,5.0,9.0,1.0,-26.0
Durango,2017,33,2017,33,19.0,13.0,1.0,2.0
Guerrero,2017,33,2017,33,13.0,14.0,0.0,2.0
Morelos,2017,33,2017,33,11.0,31.0,1.0,28.0
Puebla,2017,33,2017,33,18.0,14.0,1.0,0.0
Querétaro,2017,33,2017,33,5.0,3.0,0.0,1.0
Sinaloa,2017,33,2017,33,73.0,66.0,4.0,5.0
Baja California Sur,2017,34,2017,34,8.0,10.0,1.0,2.0
Ciudad de México,2017,34,2017,34,20.0,41.0,2.0,-50.0
Ciudad de México,2017,35,2017,35,29.0,69.0,4.0,37.0
Puebla,2017,35,2017,35,20.0,18.0,2.0,3.0
Tamaulipas,2017,35,2017,35,60.0,85.0,6.0,7.0
Puebla,2017,36,2017,36,20.0,17.0,0.0,-1.0
Puebla,2017,37,2017,37,21.0,20.0,1.0,4.0
Tamaulipas,2017,37,2017,37,63.0,93.0,4.0,3.0
Coahuila,2017,38,2017,38,25.0,36.0,0.0,1.0
Jalisco,2017,38,2017,38,71.0,126.0,11.0,-1.0
Sonora,2017,38,2017,38,43.0,80.0,3.0,7.0
Chihuahua,2017,39,2017,39,72.0,105.0,8.0,11.0
Oaxaca,2017,39,2017,39,18.0,34.0,1.0,2.0
Puebla,2017,39,2017,39,21.0,20.0,1.0,0.0
México,2017,40,2017,40,46.0,58.0,2.0,-4.0
Morelos,2017,41,2017,41,13.0,34.0,1.0,2.0
Puebla,2017,41,2017,41,22.0,21.0,1.0,2.0
Sonora,2017,41,2017,41,49.0,84.0,1.0,3.0
Guanajuato,2017,42,2017,42,29.0,46.0,0.0,1.0
Jalisco,2017,43,2017,43,88.0,140.0,1.0,4.0
Oaxaca,2017,43,2017,43,22.0,39.0,2.0,4.0
Tamaulipas,2017,43,2017,43,73.0,109.0,3.0,4.0
Durango,2017,45,2017,45,26.0,17.0,0.0,2.0
Sonora,2017,45,2017,45,53.0,94.0,2.0,3.0
Chihuahua,2017,47,2017,47,89.0,132.0,5.0,4.0
Quintana Roo,2017,50,2017,50,7.0,19.0,0.0,1.0
Sonora,2017,50,2017,50,56.0,102.0,1.0,3.0
Ciudad de México,2017,52,2017,52,52.0,106.0,3.0,6.0
Coahuila,2018,1,2017,1,36.0,52.0,3.0,4.0
Morelos,2018,1,2017,1,18.0,40.0,0.0,4.0
Sonora,2018,1,2017,1,59.0,111.0,5.0,10.0
Chihuahua,2018,7,2018,7,9.0,10.0,3.0,4.0
Guanajuato,2018,9,2018,9,3.0,5.0,2.0,3.0
Baja California,2018,10,2018,10,5.0,10.0,2.0,4.0
Ciudad de México,2018,11,2018,11,16.0,17.0,6.0,9.0
Oaxaca,2018,11,2018,11,4.0,6.0,1.0,2.0
Tamaulipas,2018,12,2018,12,24.0,20.0,5.0,7.0
Guerrero,2018,14,2018,14,3.0,2.0,0.0,1.0
Puebla,2018,15,2018,15,8.0,9.0,0.0,1.0
Guerrero,2018,16,2018,16,4.0,6.0,2.0,3.0
Sinaloa,2018,17,2018,17,33.0,42.0,5.0,7.0
Sonora,2018,18,2018,18,9.0,22.0,5.0,6.0
Chiapas,2018,19,2018,19,8.0,14.0,0.0,1.0
Michoacán,2018,21,2018,21,17.0,19.0,3.0,5.0
Quintana Roo,2018,21,2018,21,6.0,2.0,1.0,2.0
Sinaloa,2018,22,2018,22,37.0,46.0,0.0,1.0
Puebla,2018,23,2018,23,9.0,10.0,0.0,1.0
Chihuahua,2018,25,2018,25,28.0,56.0,2.0,3.0
Jalisco,2018,25,2018,25,77.0,70.0,7.0,8.0
Veracruz,2018,26,2018,26,33.0,58.0,5.0,4.0
Puebla,2018,28,2018,28,11.0,12.0,1.0,2.0
Ciudad de México,2018,29,2018,29,46.0,62.0,4.0,7.0
Sinaloa,2018,29,2018,29,57.0,59.0,6.0,9.0
Ciudad de México,2018,30,2018,30,46.0,73.0,5.0,11.0
Puebla,2018,31,2018,31,13.0,12.0,0.0,1.0
Sonora,2018,32,2018,32,15.0,38.0,0.0,1.0
Veracruz,2018,32,2018,32,50.0,74.0,4.0,5.0
Chihuahua,2018,33,2018,33,38.0,84.0,2.0,5.0
Morelos,2018,33,2018,33,3.0,7.0,0.0,-20.0
Sinaloa,2018,33,2018,33,65.0,68.0,4.0,5.0
Tamaulipas,2018,33,2018,33,54.0,66.0,3.0,6.0
Veracruz,2018,33,2018,33,51.0,76.0,4.0,3.0
Chihuahua,2018,34,2018,34,42.0,92.0,6.0,12.0
Morelos,2018,34,2018,34,10.0,22.0,1.0,22.0
Puebla,2018,34,2018,34,14.0,14.0,1.0,3.0
Veracruz,2018,34,2018,34,55.0,79.0,6.0,7.0
Ciudad de México,2018,35,2018,35,53.0,83.0,4.0,5.0
Tamaulipas,2018,35,2018,35,63.0,75.0,5.0,14.0
Puebla,2018,37,2018,37,14.0,18.0,2.0,3.0
Tamaulipas,2018,37,2018,37,66.0,79.0,2.0,3.0
Veracruz,2018,38,2018,38,62.0,85.0,2.0,1.0
México,2018,40,2018,40,33.0,45.0,2.0,3.0
Oaxaca,2018,40,2018,40,12.0,30.0,3.0,4.0
Puebla,2018,40,2018,40,17.0,20.0,0.0,1.0
Veracruz,2018,40,2018,40,65.0,89.0,2.0,3.0
Sinaloa,2018,41,2018,41,80.0,90.0,6.0,7.0
Aguascalientes,2018,42,2018,42,9.0,14.0,1.0,0.0
Chiapas,2018,43,2018,43,15.0,28.0,1.0,2.0
Puebla,2018,43,2018,43,19.0,21.0,0.0,1.0
Veracruz,2018,43,2018,43,68.0,96.0,4.0,3.0
Baja California,2018,44,2018,44,32.0,57.0,3.0,4.0
Veracruz,2018,44,2018,44,68.0,99.0,2.0,3.0
Sinaloa,2018,45,2018,45,90.0,100.0,8.0,9.0
Guerrero,2018,47,2018,47,8.0,17.0,0.0,1.0
Puebla,2018,47,2018,47,20.0,26.0,1.0,4.0
Oaxaca,2018,48,2018,48,21.0,34.0,0.0,-1.0
Veracruz,2018,48,2018,48,72.0,107.0,4.0,3.0
Puebla,2018,49,2018,49,20.0,27.0,0.0,1.0
México,2018,50,2018,50,42.0,57.0,3.0,4.0
Oaxaca,2018,50,2018,50,22.0,35.0,0.0,1.0
Veracruz,2018,50,2018,50,77.0,112.0,3.0,4.0
Sonora,2018,51,2018,51,36.0,71.0,5.0,6.0
Ciudad de México,2018,52,2018,52,85.0,149.0,7.0,9.0
Guerrero,2018,52,2018,52,9.0,19.0,0.0,1.0
Guanajuato,2019,1,2018,1,32.0,24.0,1.0,2.0
Morelos,2019,1,2018,1,18.0,34.0,1.0,2.0
Tamaulipas,2019,1,2018,1,81.0,102.0,2.0,3.0
Tabasco,2019,4,2019,4,1.0,2.0,0.0,1.0
Quintana Roo,2019,5,2019,5,0.0,1.0,0.0,1.0
Puebla,2019,7,2019,7,3.0,4.0,0.0,2.0
Puebla,2019,8,2019,8,4.0,7.0,3.0,4.0
Chihuahua,2019,11,2019,11,21.0,30.0,5.0,6.0
Guanajuato,2019,14,2019,14,7.0,10.0,1.0,2.0
Puebla,2019,14,2019,14,6.0,14.0,3.0,6.0
Ciudad de México,2019,15,2019,15,23.0,35.0,6.0,7.0
Puebla,2019,16,2019,16,7.0,16.0,2.0,3.0
Puebla,2019,17,2019,17,6.0,9.0,0.0,-8.0
Guerrero,2019,18,2019,18,0.0,3.0,2.0,3.0
Puebla,2019,18,2019,18,7.0,14.0,0.0,6.0
Puebla,2019,19,2019,19,6.0,7.0,0.0,-8.0
Puebla,2019,20,2019,20,7.0,14.0,0.0,8.0
México,2019,21,2019,21,19.0,34.0,4.0,5.0
Puebla,2019,22,2019,22,6.0,8.0,1.0,-7.0
Puebla,2019,24,2019,24,7.0,9.0,0.0,-1.0
Aguascalientes,2019,25,2019,25,5.0,6.0,0.0,1.0
Puebla,2019,25,2019,25,8.0,10.0,1.0,2.0
Sonora,2019,25,2019,25,20.0,30.0,2.0,1.0
Puebla,2019,26,2019,26,9.0,19.0,0.0,10.0
Durango,2019,27,2019,27,11.0,24.0,1.0,2.0
Puebla,2019,27,2019,27,8.0,10.0,0.0,-10.0
Ciudad de México,2019,29,2019,29,44.0,75.0,4.0,13.0
Sonora,2019,29,2019,29,23.0,38.0,5.0,6.0
Guanajuato,2019,30,2019,30,14.0,20.0,0.0,-1.0
Puebla,2019,31,2019,31,11.0,26.0,3.0,11.0
Guerrero,2019,32,2019,32,3.0,7.0,0.0,-2.0
Puebla,2019,32,2019,32,11.0,28.0,0.0,2.0
Quintana Roo,2019,32,2019,32,7.0,9.0,1.0,2.0
San Luis Potosí,2019,32,2019,32,17.0,19.0,2.0,3.0
Sonora,2019,32,2019,32,27.0,43.0,2.0,3.0
Puebla,2019,33,2019,33,11.0,26.0,0.0,-2.0
Quintana Roo,2019,33,2019,33,8.0,9.0,0.0,1.0
Chihuahua,2019,34,2019,34,71.0,131.0,12.0,13.0
Chihuahua,2019,35,2019,35,74.0,132.0,5.0,4.0
Puebla,2019,35,2019,35,9.0,19.0,0.0,-9.0
Durango,2019,37,2019,37,13.0,30.0,1.0,2.0
Puebla,2019,38,2019,38,11.0,27.0,0.0,9.0
Puebla,2019,39,2019,39,9.0,20.0,0.0,-9.0
Puebla,2019,40,2019,40,11.0,27.0,0.0,9.0
México,2019,41,2019,41,40.0,61.0,2.0,3.0
Puebla,2019,41,2019,41,10.0,20.0,1.0,-8.0
Puebla,2019,44,2019,44,14.0,32.0,0.0,12.0
Puebla,2019,45,2019,45,12.0,22.0,0.0,-12.0
Tabasco,2019,45,2019,45,48.0,75.0,1.0,2.0
Oaxaca,2019,47,2019,47,18.0,34.0,0.0,1.0
Puebla,2019,49,2019,49,15.0,32.0,0.0,9.0
Puebla,2019,50,2019,50,13.0,25.0,0.0,-9.0
Durango,2019,51,2019,51,19.0,43.0,2.0,3.0
Puebla,2019,51,2019,51,16.0,34.0,1.0,12.0
Yucatán,2020,1,2019,1,18.0,27.0,0.0,1.0
Puebla,2020,4,2020,4,1.0,0.0,0.0,1.0
Baja California,2020,5,2020,5,4.0,4.0,1.0,0.0
Tamaulipas,2020,5,2020,5,9.0,7.0,6.0,8.0
Tamaulipas,2020,7,2020,7,9.0,10.0,0.0,1.0
Chihuahua,2020,10,2020,10,14.0,29.0,3.0,4.0
Jalisco,2020,10,2020,10,27.0,34.0,10.0,12.0
Nuevo León,2020,11,2020,11,10.0,23.0,2.0,1.0
Sonora,2020,11,2020,11,7.0,16.0,4.0,5.0
México,2020,13,2020,13,13.0,13.0,4.0,5.0
Puebla,2020,14,2020,14,5.0,8.0,2.0,3.0
Puebla,2020,15,2020,15,6.0,7.0,1.0,0.0
Chihuahua,2020,16,2020,16,24.0,45.0,1.0,2.0
Jalisco,2020,16,2020,16,34.0,47.0,0.0,3.0
Sonora,2020,16,2020,16,9.0,17.0,1.0,-1.0
Puebla,2020,19,2020,19,6.0,8.0,0.0,1.0
Baja California,2020,24,2020,24,11.0,23.0,2.0,3.0
Puebla,2020,24,2020,24,6.0,9.0,0.0,1.0
Puebla,2020,25,2020,25,6.0,8.0,0.0,-1.0
Chihuahua,2020,27,2020,27,32.0,53.0,1.0,5.0
Nuevo León,2020,29,2020,29,28.0,30.0,1.0,2.0
Puebla,2020,29,2020,29,7.0,9.0,0.0,2.0
Puebla,2020,30,2020,30,6.0,9.0,1.0,-1.0
Morelos,2020,31,2020,31,9.0,9.0,0.0,-1.0
Chihuahua,2020,32,2020,32,35.0,61.0,1.0,3.0
Guerrero,2020,34,2020,34,3.0,4.0,0.0,1.0
Chihuahua,2020,35,2020,35,37.0,65.0,3.0,4.0
Puebla,2020,35,2020,35,6.0,15.0,1.0,2.0
Chihuahua,2020,36,2020,36,38.0,69.0,3.0,5.0
Puebla,2020,36,2020,36,6.0,15.0,1.0,0.0
Baja California,2020,37,2020,37,15.0,33.0,0.0,-1.0
Quintana Roo,2020,37,2020,37,2.0,2.0,0.0,-1.0
Tamaulipas,2020,37,2020,37,18.0,31.0,0.0,1.0
Durango,2020,38,2020,38,5.0,19.0,0.0,1.0
Tabasco,2020,38,2020,38,17.0,16.0,0.0,-8.0
Querétaro,2020,39,2020,39,11.0,7.0,0.0,-1.0
San Luis Potosí,2020,39,2020,39,5.0,20.0,1.0,-1.0
Sonora,2020,42,2020,42,26.0,37.0,2.0,3.0
Chiapas,2020,44,2020,44,7.0,13.0,0.0,-1.0
Puebla,2020,44,2020,44,6.0,11.0,0.0,-6.0
Chiapas,2020,45,2020,45,9.0,14.0,1.0,3.0
Puebla,2020,45,2020,45,6.0,12.0,0.0,1.0
Chiapas,2020,46,2020,46,12.0,16.0,3.0,5.0
Oaxaca,2020,47,2020,47,9.0,17.0,0.0,1.0
Puebla,2020,48,2020,48,6.0,18.0,0.0,5.0
Chiapas,2020,49,2020,49,20.0,20.0,1.0,3.0
Chiapas,2020,50,2020,50,20.0,23.0,2.0,3.0
Chihuahua,2020,50,2020,50,47.0,80.0,5.0,8.0
Chiapas,2020,51,2020,51,23.0,27.0,6.0,7.0
Jalisco,2020,52,2020,52,68.0,107.0,7.0,9.0
San Luis Potosí,2020,52,2020,52,7.0,26.0,1.0,2.0
Puebla,2021,1,2020,1,8.0,21.0,1.0,2.0
Jalisco,2021,3,2021,3,2.0,3.0,1.0,4.0
Guerrero,2021,7,2021,7,1.0,0.0,0.0,1.0
Michoacán,2021,9,2021,9,5.0,8.0,1.0,2.0
Jalisco,2021,12,2021,12,15.0,20.0,4.0,6.0
Tamaulipas,2021,16,2021,16,9.0,14.0,3.0,5.0
Chihuahua,2021,17,2021,17,22.0,15.0,0.0,3.0
Jalisco,2021,17,2021,17,26.0,35.0,9.0,10.0
Quintana Roo,2021,17,2021,17,2.0,0.0,0.0,1.0
Veracruz,2021,20,2021,20,19.0,26.0,3.0,2.0
Veracruz,2021,21,2021,21,20.0,27.0,1.0,2.0
Coahuila,2021,24,2021,24,23.0,5.0,4.0,3.0
Coahuila,2021,25,2021,25,23.0,7.0,1.0,2.0
Jalisco,2021,28,2021,28,45.0,63.0,5.0,8.0
Chihuahua,2021,29,2021,29,34.0,39.0,5.0,6.0
Jalisco,2021,29,2021,29,46.0,66.0,1.0,4.0
Puebla,2021,32,2021,32,5.0,13.0,1.0,3.0
Puebla,2021,33,2021,33,2.0,13.0,0.0,-3.0
Chihuahua,2021,34,2021,34,40.0,48.0,2.0,3.0
Colima,2021,34,2021,34,12.0,32.0,1.0,2.0
Tamaulipas,2021,36,2021,36,21.0,29.0,1.0,-1.0
Morelos,2021,37,2021,37,6.0,8.0,1.0,-2.0
Ciudad de México,2021,38,2021,38,22.0,31.0,1.0,-1.0
Morelos,2021,38,2021,38,7.0,10.0,0.0,3.0
Ciudad de México,2021,39,2021,39,22.0,33.0,1.0,2.0
Durango,2021,40,2021,40,10.0,11.0,3.0,4.0
Guerrero,2021,41,2021,41,11.0,10.0,0.0,2.0
Quintana Roo,2021,42,2021,42,10.0,7.0,1.0,3.0
Coahuila,2021,47,2021,47,37.0,23.0,0.0,-1.0
Puebla,2021,47,2021,47,11.0,16.0,0.0,5.0
Chihuahua,2021,48,2021,48,54.0,71.0,0.0,1.0
México,2021,48,2021,48,30.0,49.0,0.0,-2.0
Puebla,2021,48,2021,48,6.0,17.0,1.0,-4.0
Chihuahua,2021,49,2021,49,55.0,75.0,4.0,5.0
Coahuila,2021,50,2021,50,40.0,24.0,1.0,2.0
Coahuila,2021,51,2021,51,41.0,25.0,3.0,2.0
Jalisco,2022,1,2021,1,93.0,147.0,2.0,4.0
Ciudad de México,2022,4,2022,4,2.0,3.0,1.0,2.0
Sinaloa,2022,5,2022,5,4.0,3.0,4.0,6.0
Ciudad de México,2022,7,2022,7,3.0,5.0,2.0,3.0
Jalisco,2022,8,2022,8,11.0,15.0,3.0,4.0
Sonora,2022,8,2022,8,7.0,8.0,3.0,4.0
Coahuila,2022,9,2022,9,4.0,0.0,0.0,-5.0
Puebla,2022,9,2022,9,1.0,4.0,1.0,3.0
Ciudad de México,2022,10,2022,10,5.0,11.0,2.0,4.0
Puebla,2022,10,2022,10,2.0,2.0,1.0,-1.0
Coahuila,2022,11,2022,11,5.0,7.0,2.0,7.0
Coahuila,2022,12,2022,12,8.0,2.0,4.0,-2.0
Durango,2022,12,2022,12,2.0,10.0,1.0,3.0
Coahuila,2022,13,2022,13,8.0,10.0,2.0,8.0
Coahuila,2022,14,2022,14,8.0,4.0,1.0,-6.0
Yucatán,2022,14,2022,14,7.0,14.0,6.0,9.0
Jalisco,2022,16,2022,16,27.0,36.0,4.0,6.0
Nuevo León,2022,16,2022,16,13.0,24.0,1.0,2.0
Yucatán,2022,16,2022,16,8.0,22.0,3.0,5.0
Coahuila,2022,17,2022,17,9.0,14.0,3.0,10.0
Sonora,2022,18,2022,18,14.0,17.0,2.0,-1.0
Ciudad de México,2022,19,2022,19,10.0,20.0,0.0,1.0
Coahuila,2022,19,2022,19,11.0,7.0,2.0,-7.0
Coahuila,2022,20,2022,20,15.0,22.0,7.0,19.0
Jalisco,2022,20,2022,20,38.0,52.0,9.0,10.0
México,2022,21,2022,21,24.0,43.0,1.0,2.0
Coahuila,2022,22,2022,22,12.0,9.0,0.0,-18.0
Ciudad de México,2022,23,2022,23,12.0,28.0,4.0,5.0
Coahuila,2022,23,2022,23,18.0,29.0,6.0,26.0
Oaxaca,2022,23,2022,23,8.0,20.0,1.0,-4.0
Durango,2022,24,2022,24,3.0,21.0,0.0,2.0
Coahuila,2022,25,2022,25,21.0,32.0,1.0,2.0
Puebla,2022,25,2022,25,5.0,9.0,0.0,6.0
Coahuila,2022,26,2022,26,16.0,12.0,2.0,-25.0
Puebla,2022,26,2022,26,4.0,5.0,1.0,-5.0
Coahuila,2022,27,2022,27,23.0,32.0,0.0,27.0
México,2022,27,2022,27,31.0,52.0,1.0,2.0
Chihuahua,2022,28,2022,28,30.0,59.0,3.0,4.0
Oaxaca,2022,28,2022,28,12.0,30.0,0.0,5.0
Chihuahua,2022,29,2022,29,31.0,62.0,3.0,4.0
Coahuila,2022,30,2022,30,22.0,15.0,5.0,-22.0
Durango,2022,31,2022,31,4.0,26.0,0.0,1.0
Oaxaca,2022,31,2022,31,15.0,36.0,1.0,4.0
Jalisco,2022,32,2022,32,54.0,84.0,3.0,4.0
Puebla,2022,33,2022,33,6.0,13.0,0.0,8.0
Oaxaca,2022,34,2022,34,18.0,39.0,2.0,3.0
Puebla,2022,34,2022,34,4.0,8.0,1.0,-7.0
Sonora,2022,34,2022,34,23.0,35.0,2.0,3.0
Durango,2022,35,2022,35,6.0,27.0,2.0,3.0
Puebla,2022,35,2022,35,6.0,14.0,0.0,8.0
Tamaulipas,2022,35,2022,35,39.0,76.0,6.0,29.0
Puebla,2022,36,2022,36,5.0,8.0,1.0,-7.0
Quintana Roo,2022,36,2022,36,3.0,13.0,1.0,2.0
Yucatán,2022,36,2022,36,18.0,34.0,2.0,-10.0
Yucatán,2022,37,2022,37,21.0,43.0,0.0,12.0
Ciudad de México,2022,38,2022,38,29.0,54.0,0.0,-1.0
Durango,2022,39,2022,39,7.0,29.0,2.0,3.0
Coahuila,2022,41,2022,41,32.0,27.0,3.0,2.0
Oaxaca,2022,42,2022,42,26.0,49.0,0.0,1.0
Coahuila,2022,43,2022,43,46.0,47.0,1.0,29.0
Puebla,2022,43,2022,43,6.0,12.0,2.0,-2.0
Coahuila,2022,44,2022,44,40.0,29.0,3.0,-24.0
Puebla,2022,44,2022,44,10.0,12.0,0.0,4.0
Puebla,2022,46,2022,46,7.0,12.0,1.0,-3.0
Coahuila,2022,47,2022,47,42.0,31.0,1.0,4.0
Ciudad de México,2022,48,2022,48,40.0,60.0,0.0,1.0
Puebla,2022,48,2022,48,12.0,15.0,2.0,6.0
Sonora,2022,49,2022,49,31.0,53.0,2.0,3.0
Chihuahua,2022,50,2022,50,51.0,104.0,0.0,1.0
Puebla,2022,50,2022,50,15.0,24.0,2.0,12.0
Durango,2022,52,2022,52,9.0,35.0,0.0,1.0
Jalisco,2023,1,2022,1,100.0,149.0,8.0,10.0
Oaxaca,2023,1,2022,1,28.0,62.0,0.0,1.0
Puebla,2023,1,2022,1,13.0,16.0,0.0,-10.0
Chihuahua,2023,4,2023,4,2.0,4.0,2.0,4.0
Ciudad de México,2023,4,2023,4,2.0,6.0,1.0,-1.0
México,2023,6,2023,6,11.0,9.0,7.0,8.0
Durango,2023,7,2023,7,1.0,6.0,2.0,3.0
Jalisco,2023,7,2023,7,18.0,16.0,4.0,5.0
Chiapas,2023,8,2023,8,2.0,5.0,3.0,4.0
Chihuahua,2023,8,2023,8,10.0,14.0,1.0,3.0
Jalisco,2023,8,2023,8,21.0,19.0,5.0,6.0
Chihuahua,2023,9,2023,9,13.0,15.0,3.0,4.0
Guerrero,2023,9,2023,9,1.0,6.0,1.0,3.0
Oaxaca,2023,9,2023,9,2.0,6.0,1.0,2.0
Ciudad de México,2023,10,2023,10,6.0,8.0,1.0,2.0
México,2023,10,2023,10,18.0,18.0,7.0,8.0
Tamaulipas,2023,10,2023,10,15.0,21.0,4.0,5.0
Chiapas,2023,11,2023,11,3.0,11.0,2.0,3.0
Chihuahua,2023,11,2023,11,14.0,20.0,2.0,3.0
Chiapas,2023,12,2023,12,7.0,14.0,5.0,7.0
Chihuahua,2023,12,2023,12,14.0,24.0,3.0,4.0
Oaxaca,2023,12,2023,12,7.0,7.0,1.0,2.0
Chihuahua,2023,17,2023,17,21.0,31.0,3.0,5.0
México,2023,18,2023,18,29.0,38.0,4.0,5.0
Chihuahua,2023,20,2023,20,28.0,35.0,3.0,4.0
Durango,2023,20,2023,20,7.0,17.0,2.0,3.0
México,2023,20,2023,20,31.0,43.0,2.0,3.0
Puebla,2023,22,2023,22,7.0,9.0,0.0,2.0
Puebla,2023,23,2023,23,7.0,7.0,0.0,-2.0
Coahuila,2023,24,2023,24,13.0,20.0,3.0,4.0
Oaxaca,2023,24,2023,24,11.0,15.0,1.0,2.0
Puebla,2023,24,2023,24,7.0,9.0,0.0,2.0
Puebla,2023,25,2023,25,8.0,8.0,2.0,0.0
México,2023,27,2023,27,48.0,65.0,5.0,6.0
México,2023,29,2023,29,51.0,71.0,4.0,5.0
Oaxaca,2023,29,2023,29,13.0,20.0,0.0,3.0
Durango,2023,31,2023,31,12.0,24.0,4.0,2.0
Oaxaca,2023,32,2023,32,13.0,21.0,0.0,-1.0
Guanajuato,2023,33,2023,33,18.0,23.0,0.0,-2.0
Guerrero,2023,33,2023,33,8.0,20.0,1.0,2.0
México,2023,33,2023,33,62.0,83.0,6.0,7.0
Chiapas,2023,35,2023,35,18.0,29.0,2.0,4.0
Oaxaca,2023,35,2023,35,15.0,24.0,1.0,3.0
Querétaro,2023,35,2023,35,8.0,5.0,0.0,1.0
Chihuahua,2023,36,2023,36,56.0,68.0,1.0,2.0
Puebla,2023,36,2023,36,9.0,12.0,0.0,4.0
Ciudad de México,2023,37,2023,37,21.0,45.0,5.0,-6.0
Puebla,2023,37,2023,37,8.0,9.0,0.0,-4.0
Guerrero,2023,38,2023,38,8.0,23.0,1.0,-3.0
Oaxaca,2023,38,2023,38,18.0,30.0,1.0,2.0
Puebla,2023,38,2023,38,10.0,13.0,2.0,6.0
San Luis Potosí,2023,38,2023,38,10.0,29.0,1.0,0.0
Puebla,2023,39,2023,39,10.0,15.0,1.0,2.0
Coahuila,2023,40,2023,40,26.0,37.0,1.0,-1.0
México,2023,40,2023,40,91.0,121.0,15.0,16.0
Puebla,2023,40,2023,40,9.0,11.0,0.0,-5.0
Chihuahua,2023,42,2023,42,66.0,89.0,3.0,5.0
Coahuila,2023,42,2023,42,29.0,40.0,3.0,4.0
Tabasco,2023,42,2023,42,23.0,18.0,0.0,1.0
Baja California,2023,43,2023,43,26.0,61.0,2.0,5.0
Coahuila,2023,44,2023,44,33.0,47.0,4.0,8.0
Colima,2023,44,2023,44,19.0,43.0,0.0,1.0
Jalisco,2023,44,2023,44,110.0,128.0,3.0,4.0
Puebla,2023,44,2023,44,11.0,16.0,0.0,6.0
Coahuila,2023,45,2023,45,33.0,47.0,1.0,0.0
Jalisco,2023,45,2023,45,110.0,129.0,3.0,1.0
Puebla,2023,45,2023,45,11.0,12.0,2.0,-4.0
Sinaloa,2023,45,2023,45,71.0,98.0,2.0,3.0
Coahuila,2023,46,2023,46,34.0,49.0,2.0,3.0
Coahuila,2023,47,2023,47,34.0,49.0,1.0,0.0
Jalisco,2023,48,2023,48,117.0,199.0,66.0,67.0
Jalisco,2023,49,2023,49,118.0,141.0,6.0,-57.0
Tamaulipas,2023,52,2023,52,62.0,97.0,1.0,0.0
Coahuila,2024,1,2023,1,39.0,59.0,4.0,7.0
Puebla,2024,6,2024,6,3.0,0.0,0.0,1.0
Sinaloa,2024,6,2024,6,10.0,4.0,7.0,8.0
Oaxaca,2024,7,2024,7,6.0,6.0,4.0,5.0
Puebla,2024,7,2024,7,2.0,0.0,0.0,-1.0
Sinaloa,2024,8,2024,8,15.0,10.0,6.0,7.0
Chihuahua,2024,9,2024,9,14.0,15.0,3.0,6.0
Jalisco,2024,10,2024,10,11.0,13.0,3.0,4.0
Oaxaca,2024,10,2024,10,6.0,15.0,2.0,3.0
Puebla,2024,10,2024,10,4.0,1.0,0.0,1.0
Sinaloa,2024,10,2024,10,23.0,13.0,2.0,4.0
Puebla,2024,11,2024,11,3.0,1.0,0.0,-1.0
Oaxaca,2024,12,2024,12,10.0,21.0,5.0,8.0
Chihuahua,2024,13,2024,13,20.0,21.0,3.0,5.0
Nuevo León,2024,13,2024,13,7.0,12.0,2.0,3.0
Coahuila,2024,14,2024,14,8.0,17.0,0.0,1.0
Morelos,2024,14,2024,14,6.0,9.0,2.0,4.0
Chihuahua,2024,17,2024,17,26.0,29.0,2.0,3.0
Chihuahua,2024,18,2024,18,27.0,30.0,1.0,2.0
Sinaloa,2024,20,2024,20,33.0,37.0,5.0,6.0
Ciudad de México,2024,21,2024,21,12.0,36.0,3.0,4.0
Oaxaca,2024,21,2024,21,17.0,28.0,4.0,5.0
Puebla,2024,21,2024,21,15.0,6.0,8.0,10.0
Morelos,2024,22,2024,22,10.0,15.0,0.0,1.0
Puebla,2024,22,2024,22,14.0,6.0,1.0,-1.0
Sinaloa,2024,24,2024,24,38.0,45.0,1.0,2.0
Tamaulipas,2024,25,2024,25,35.0,45.0,1.0,2.0
Oaxaca,2024,27,2024,27,25.0,33.0,1.0,2.0
Sinaloa,2024,27,2024,27,39.0,46.0,0.0,1.0
Sonora,2024,27,2024,27,10.0,27.0,0.0,1.0
Puebla,2024,29,2024,29,18.0,8.0,1.0,4.0
Aguascalientes,2024,30,2024,30,5.0,7.0,0.0,-1.0
Chihuahua,2024,30,2024,30,37.0,61.0,5.0,6.0
Durango,2024,30,2024,30,12.0,22.0,2.0,-2.0
Puebla,2024,30,2024,30,15.0,8.0,0.0,-3.0
Baja California,2024,31,2024,31,18.0,28.0,2.0,5.0
Jalisco,2024,31,2024,31,40.0,71.0,6.0,7.0
Durango,2024,32,2024,32,15.0,24.0,2.0,3.0
Sinaloa,2024,32,2024,32,45.0,56.0,1.0,2.0
México,2024,33,2024,33,16.0,21.0,2.0,3.0
Oaxaca,2024,33,2024,33,28.0,37.0,1.0,2.0
Sonora,2024,33,2024,33,13.0,37.0,3.0,4.0
Jalisco,2024,34,2024,34,43.0,78.0,3.0,4.0
México,2024,34,2024,34,18.0,22.0,2.0,3.0
Quintana Roo,2024,34,2024,34,6.0,7.0,0.0,1.0
Sonora,2024,34,2024,34,13.0,38.0,0.0,1.0
Yucatán,2024,35,2024,35,7.0,11.0,0.0,1.0
Ciudad de México,2024,36,2024,36,18.0,53.0,2.0,4.0
San Luis Potosí,2024,36,2024,36,18.0,33.0,1.0,2.0
Sinaloa,2024,36,2024,36,47.0,65.0,4.0,5.0
Michoacán,2024,37,2024,37,12.0,42.0,1.0,2.0
Ciudad de México,2024,38,2024,38,19.0,53.0,1.0,0.0
México,2024,38,2024,38,20.0,24.0,0.0,1.0
Oaxaca,2024,38,2024,38,28.0,43.0,4.0,5.0
Coahuila,2024,39,2024,39,19.0,29.0,1.0,4.0
Durango,2024,40,2024,40,19.0,31.0,3.0,6.0
Nuevo León,2024,40,2024,40,32.0,52.0,3.0,4.0
Ciudad de México,2024,42,2024,42,22.0,55.0,0.0,1.0
Puebla,2024,42,2024,42,21.0,11.0,0.0,5.0
Puebla,2024,43,2024,43,19.0,11.0,3.0,-2.0
Puebla,2024,44,2024,44,22.0,12.0,0.0,4.0
Puebla,2024,45,2024,45,19.0,11.0,0.0,-4.0
Sinaloa,2024,47,2024,47,62.0,82.0,1.0,2.0
Nuevo León,2024,48,2024,48,39.0,60.0,0.0,1.0
Puebla,2024,49,2024,49,24.0,13.0,2.0,7.0
Sinaloa,2024,49,2024,49,65.0,87.0,3.0,4.0
Chihuahua,2024,50,2024,50,61.0,112.0,4.0,2.0
Durango,2024,50,2024,50,27.0,37.0,2.0,3.0
Puebla,2024,50,2024,50,20.0,12.0,0.0,-5.0
Tamaulipas,2024,50,2024,50,67.0,107.0,0.0,1.0
Puebla,2024,51,2024,51,21.0,12.0,0.0,1.0
Oaxaca,2024,52,2024,52,32.0,51.0,0.0,1.0
